id,username,first_name,modification_time
1,bstennine0,Brady,2020/07/21
2,awaleran1,Atlante,2018/12/14
3,cbroadey2,Carmelia,2019/05/09
4,lbiddleston3,Leonidas,2019/02/21
5,mbrodway4,Merola,2018/10/24
6,tinkin5,Tracey,2019/07/01
7,tbowle6,Tamqrah,2018/08/03
8,bnolleth7,Brina,2017/03/24
9,lghidotti8,Lynnea,2018/01/11
10,akivlin9,Abran,2017/01/17
11,ckubeckaa,Cort,2018/05/28
12,jdunlopb,Janey,2018/10/01
13,wlithgowc,Wilburt,2019/12/01
14,alowmand,Arlyne,2020/02/24
15,lguillforde,Leshia,2020/05/04
16,emallordf,Ella,2020/04/03
17,vsandg,Vikki,2017/03/11
18,cbleslih,Chadwick,2020/08/16
19,rstillgoei,Rutter,2017/04/11
20,flockhartj,Fidelia,2017/03/26
21,dburdyttk,Daisi,2017/08/31
22,ihatrickl,Ilsa,2017/03/17
23,rvenusm,Reg,2018/05/30
24,bbradshawn,Birgit,2020/11/17
25,ttuffleyo,Tressa,2018/10/24
26,ndecrucep,Normy,2020/01/13
27,kmcilwraithq,Kaylil,2019/05/03
28,rsweetlover,Renell,2017/07/03
29,mfilippazzos,Malina,2019/03/16
30,mmaydwayt,Mel,2018/09/20
31,kdunkertonu,Karla,2018/05/17
32,jsoutherellv,Juana,2019/01/26
33,ewaddingtonw,Edmon,2017/04/13
34,chandrekx,Calypso,2019/10/11
35,jbizleyy,Jody,2017/07/14
36,ajessez,Adora,2020/02/23
37,ejencken10,Emmye,2019/10/28
38,lrylatt11,Lexis,2018/02/25
39,pclick12,Phyllis,2020/03/15
40,ghigginbottam13,Geno,2018/06/02
41,wmanby14,Wynn,2019/03/22
42,adeniske15,Almeda,2018/11/19
43,pbull16,Patrice,2020/11/10
44,mhawkridge17,Meriel,2019/05/25
45,dmound18,Dolorita,2019/10/13
46,kodwyer19,Keven,2018/05/14
47,mphin1a,Myrtice,2018/07/10
48,pmaber1b,Padriac,2020/03/13
49,awestbury1c,Ally,2019/01/22
50,mwindas1d,Michail,2018/02/23
51,rpimlott1e,Ralf,2017/05/05
52,bleicester1f,Bayard,2020/03/11
53,tblackman1g,Tamara,2017/02/14
54,dheakins1h,Deirdre,2017/12/18
55,rtemprell1i,Rex,2020/10/26
56,smalim1j,Sylas,2020/08/04
57,msalkild1k,Marcella,2018/07/22
58,dyouhill1l,Delainey,2018/03/26
59,wfritche1m,Walker,2019/11/23
60,khurley1n,Karol,2017/05/19
61,nhoulaghan1o,Nathalie,2017/09/13
62,wstuchberry1p,Wallache,2018/09/03
63,vcaress1q,Vanessa,2020/03/04
64,rdenerley1r,Rodge,2017/05/28
65,srobertazzi1s,Saul,2017/08/18
66,mskitt1t,Minny,2019/04/13
67,bfairs1u,Bradney,2018/04/01
68,mwhaplington1v,Meghan,2017/07/26
69,cpascoe1w,Channa,2018/12/04
70,hbroome1x,Helen,2018/11/15
71,dbicknell1y,Dorian,2017/05/13
72,jgolston1z,Janis,2018/10/30
73,cizhaky20,Che,2018/07/03
74,pgopsall21,Padriac,2018/04/13
75,cfissenden22,Charlene,2020/10/05
76,gamber23,Gradey,2020/09/15
77,alaydel24,Artus,2020/10/01
78,mdruce25,Mathian,2017/05/12
79,dgogan26,Donny,2019/07/29
80,kseldner27,Kit,2018/06/01
81,hhamberston28,Hedvig,2017/05/07
82,cbrugden29,Cassandre,2018/03/11
83,ygolland2a,Yetta,2021/01/08
84,athay2b,Audre,2018/01/06
85,tlassen2c,Tabby,2017/10/19
86,lannion2d,Lib,2018/03/30
87,cwhichelow2e,Charmion,2019/06/20
88,gbisgrove2f,Germaine,2018/11/10
89,escholer2g,Ellswerth,2018/10/21
90,slalonde2h,Sheena,2019/01/09
91,fodoherty2i,Filberte,2018/09/14
92,jaireton2j,Judy,2020/06/14
93,rlonglands2k,Robin,2017/06/22
94,csedgmond2l,Corbet,2019/05/21
95,bgoodspeed2m,Bridget,2019/03/09
96,dbiasioni2n,Druci,2020/08/11
97,kvanderkruijs2o,Karissa,2020/08/08
98,ajezard2p,Ame,2019/11/21
99,vpolding2q,Vaughan,2017/12/10
100,cmoulden2r,Cassandry,2017/01/22
