username,avatar,email,gender
bgallaway0,https://robohash.org/sednumquamad.png?size=50x50&set=set1,mletts0@technorati.com,Male
dcristofori1,https://robohash.org/aliquamcupiditatevoluptatum.png?size=50x50&set=set1,bpomphrey1@dyndns.org,Male
illoydwilliams2,https://robohash.org/enimvoluptatetotam.png?size=50x50&set=set1,eruxton2@mysql.com,Female
vpearcehouse3,https://robohash.org/voluptasmollitiapossimus.png?size=50x50&set=set1,smchaffy3@blog.com,Female
jfrangione4,https://robohash.org/eiusquidolores.png?size=50x50&set=set1,traddin4@oracle.com,Male
krameau5,https://robohash.org/cupiditatelaudantiumsunt.png?size=50x50&set=set1,jmarikhin5@mlb.com,Female
nvanthoog6,https://robohash.org/harumnemominima.png?size=50x50&set=set1,bgwinnett6@cisco.com,Male
rbaack7,https://robohash.org/veritatisauthic.png?size=50x50&set=set1,meames7@blogspot.com,Female
mmateev8,https://robohash.org/nobisundequi.png?size=50x50&set=set1,bpyper8@booking.com,Male
dhalley9,https://robohash.org/quasquiaaliquam.png?size=50x50&set=set1,lseifenmacher9@weather.com,Female
fjearya,https://robohash.org/voluptasestquam.png?size=50x50&set=set1,dfreezera@telegraph.co.uk,Male
bcastledineb,https://robohash.org/dignissimosetlabore.png?size=50x50&set=set1,fliberob@sogou.com,Female
rbodycombc,https://robohash.org/istesedin.png?size=50x50&set=set1,jcoulthurstc@wikia.com,Male
imellhuishd,https://robohash.org/illummagnamsapiente.png?size=50x50&set=set1,dseyffertd@europa.eu,Female
cbirdwistlee,https://robohash.org/occaecatidoloremquenisi.png?size=50x50&set=set1,csnowmane@yellowpages.com,Female
dmainstonef,https://robohash.org/teneturveromolestias.png?size=50x50&set=set1,gcallacherf@barnesandnoble.com,Male
mduckitg,https://robohash.org/consecteturplaceatcupiditate.png?size=50x50&set=set1,cfranceschinog@mapy.cz,Male
mcasirolih,https://robohash.org/modiquiut.png?size=50x50&set=set1,rmarritth@cbc.ca,Female
cmcsparrani,https://robohash.org/sedsequitempora.png?size=50x50&set=set1,ksalergi@1und1.de,Female
bbrantonj,https://robohash.org/quianisienim.png?size=50x50&set=set1,ccrowdyj@tripod.com,Male
mhartek,https://robohash.org/reiciendislaborumvoluptatibus.png?size=50x50&set=set1,hdonaldk@buzzfeed.com,Male
dmeierl,https://robohash.org/incidunteligendiodit.png?size=50x50&set=set1,drandalll@amazon.co.uk,Female
stowrissm,https://robohash.org/laborenatusaperiam.png?size=50x50&set=set1,lhealeasm@wisc.edu,Female
aradnagen,https://robohash.org/culpaquistenetur.png?size=50x50&set=set1,mtydemann@bravesites.com,Male
spersehouseo,https://robohash.org/magniveroet.png?size=50x50&set=set1,zthieseo@deviantart.com,Male
scancelierp,https://robohash.org/perspiciatisnesciuntoccaecati.png?size=50x50&set=set1,rmapplethorpep@census.gov,Male
mmacevillyq,https://robohash.org/quasducimusvoluptatem.png?size=50x50&set=set1,cinglesfieldq@guardian.co.uk,Male
elaprer,https://robohash.org/errorautvoluptatem.png?size=50x50&set=set1,lsherrattr@hc360.com,Male
gtitmuss,https://robohash.org/quasquasipossimus.png?size=50x50&set=set1,rprettyjohnss@archive.org,Male
ugyngyllt,https://robohash.org/eiuscupiditateid.png?size=50x50&set=set1,dfarryant@prlog.org,Female
jbuzeku,https://robohash.org/quaeratcorporisodit.png?size=50x50&set=set1,askillernu@networkadvertising.org,Female
ldegoixv,https://robohash.org/quiacorruptisint.png?size=50x50&set=set1,mhuxsterv@hugedomains.com,Male
bmatulaw,https://robohash.org/eosteneturquaerat.png?size=50x50&set=set1,mwilsherw@digg.com,Female
bmachargx,https://robohash.org/eaenimconsequatur.png?size=50x50&set=set1,cstorerx@histats.com,Female
cwoakesy,https://robohash.org/facerevoluptatemofficia.png?size=50x50&set=set1,wchittendeny@zdnet.com,Female
crawstronz,https://robohash.org/iustovoluptasdolor.png?size=50x50&set=set1,braynhamz@sitemeter.com,Female
jgrcic10,https://robohash.org/eumenimnobis.png?size=50x50&set=set1,djachimczak10@tripadvisor.com,Male
sricard11,https://robohash.org/ullamautemrerum.png?size=50x50&set=set1,sodrought11@fastcompany.com,Male
tnyssens12,https://robohash.org/eosquiaomnis.png?size=50x50&set=set1,tmatas12@bigcartel.com,Female
tpugh13,https://robohash.org/enimdolormolestiae.png?size=50x50&set=set1,kcollison13@amazon.com,Male
tmalloch14,https://robohash.org/quisdoloressunt.png?size=50x50&set=set1,csurcombe14@vk.com,Female
kboncoeur15,https://robohash.org/quoverout.png?size=50x50&set=set1,hsotworth15@weebly.com,Male
asword16,https://robohash.org/reprehenderitvelitdelectus.png?size=50x50&set=set1,adurward16@paginegialle.it,Male
rcaldow17,https://robohash.org/assumendasolutacommodi.png?size=50x50&set=set1,agodby17@fastcompany.com,Female
mdymocke18,https://robohash.org/exnecessitatibusreprehenderit.png?size=50x50&set=set1,mcray18@cyberchimps.com,Female
aspringthorp19,https://robohash.org/idconsequaturvero.png?size=50x50&set=set1,darne19@opera.com,Male
sdome1a,https://robohash.org/voluptasarchitectodeserunt.png?size=50x50&set=set1,opulman1a@miitbeian.gov.cn,Female
ltabb1b,https://robohash.org/velitprovidentipsa.png?size=50x50&set=set1,cdelhay1b@ocn.ne.jp,Female
rbrum1c,https://robohash.org/suscipitetoccaecati.png?size=50x50&set=set1,lfaithfull1c@google.co.uk,Male
pslaight1d,https://robohash.org/indoloremquemaiores.png?size=50x50&set=set1,awickliffe1d@google.com.au,Female
gisherwood1e,https://robohash.org/utautinventore.png?size=50x50&set=set1,fmckernon1e@1688.com,Female
aboost1f,https://robohash.org/rerumautcum.png?size=50x50&set=set1,tborrill1f@wsj.com,Male
tcortin1g,https://robohash.org/sedhicillo.png?size=50x50&set=set1,emuehler1g@cisco.com,Male
lwolstenholme1h,https://robohash.org/modihicin.png?size=50x50&set=set1,cnutbeem1h@nyu.edu,Male
ckurten1i,https://robohash.org/eaquesuscipitet.png?size=50x50&set=set1,rtooher1i@parallels.com,Male
ccolleton1j,https://robohash.org/eosdignissimosiure.png?size=50x50&set=set1,alauret1j@purevolume.com,Male
kstockall1k,https://robohash.org/etnostrumimpedit.png?size=50x50&set=set1,tjoust1k@domainmarket.com,Female
vbusch1l,https://robohash.org/consequunturvoluptatumenim.png?size=50x50&set=set1,btook1l@booking.com,Male
rsaintepaul1m,https://robohash.org/minusfugaet.png?size=50x50&set=set1,sguilloud1m@over-blog.com,Female
nseniour1n,https://robohash.org/excepturimagnamut.png?size=50x50&set=set1,rvillar1n@merriam-webster.com,Male
kmacieiczyk1o,https://robohash.org/repellatdoloremiusto.png?size=50x50&set=set1,dsigmund1o@cafepress.com,Female
tdurrance1p,https://robohash.org/quiadoloresnon.png?size=50x50&set=set1,amowett1p@scientificamerican.com,Female
jrenzo1q,https://robohash.org/nequesedaut.png?size=50x50&set=set1,hdmitrienko1q@narod.ru,Male
kspeachley1r,https://robohash.org/suntquibusdamquos.png?size=50x50&set=set1,ecastro1r@ted.com,Male
mstoeckle1s,https://robohash.org/adeoset.png?size=50x50&set=set1,cpedrol1s@usnews.com,Male
bbarlie1t,https://robohash.org/doloresestcumque.png?size=50x50&set=set1,tjimeno1t@macromedia.com,Male
ssparshutt1u,https://robohash.org/voluptatibusnostrumblanditiis.png?size=50x50&set=set1,oyelden1u@list-manage.com,Male
dkochel1v,https://robohash.org/extemporaquasi.png?size=50x50&set=set1,cbangle1v@miitbeian.gov.cn,Female
bhaddleston1w,https://robohash.org/nihilconsequunturqui.png?size=50x50&set=set1,iberkery1w@wix.com,Male
phorbath1x,https://robohash.org/nemoautquas.png?size=50x50&set=set1,fpaynton1x@blog.com,Male
ischultz1y,https://robohash.org/cupiditatedistinctioconsequatur.png?size=50x50&set=set1,cdesport1y@youku.com,Male
llygo1z,https://robohash.org/cupiditatemaioresalias.png?size=50x50&set=set1,lcolvie1z@jigsy.com,Female
dturbefield20,https://robohash.org/repudiandaequaeatque.png?size=50x50&set=set1,lfawckner20@tmall.com,Female
abysh21,https://robohash.org/voluptasquosmaiores.png?size=50x50&set=set1,twalhedd21@devhub.com,Male
zgallymore22,https://robohash.org/beataevoluptatemcorporis.png?size=50x50&set=set1,fsinfield22@cbslocal.com,Male
rlackmann23,https://robohash.org/molestiasveritatisin.png?size=50x50&set=set1,ashimmin23@diigo.com,Male
cranaghan24,https://robohash.org/porrositvoluptatibus.png?size=50x50&set=set1,smorrell24@fastcompany.com,Female
bromanelli25,https://robohash.org/omnisblanditiisporro.png?size=50x50&set=set1,mhebron25@ocn.ne.jp,Female
gyedall26,https://robohash.org/totametdolorem.png?size=50x50&set=set1,mgriswaite26@biblegateway.com,Male
dbedingfield27,https://robohash.org/voluptatibusinventoreillum.png?size=50x50&set=set1,lokker27@networksolutions.com,Male
dsomner28,https://robohash.org/aliquidvitaeodio.png?size=50x50&set=set1,acallen28@gnu.org,Female
jtebbutt29,https://robohash.org/estvoluptasdolorum.png?size=50x50&set=set1,acapewell29@elegantthemes.com,Male
jfeaveryear2a,https://robohash.org/faceresuntsit.png?size=50x50&set=set1,triccardelli2a@list-manage.com,Female
alaurens2b,https://robohash.org/eosdolorat.png?size=50x50&set=set1,bdequincey2b@elpais.com,Female
imackim2c,https://robohash.org/molestiaenatusaliquid.png?size=50x50&set=set1,edandison2c@etsy.com,Female
jdowles2d,https://robohash.org/providentexlibero.png?size=50x50&set=set1,brylstone2d@unesco.org,Female
abankhurst2e,https://robohash.org/consequaturrerumiure.png?size=50x50&set=set1,kdewi2e@ebay.com,Male
ghickisson2f,https://robohash.org/etmagninatus.png?size=50x50&set=set1,sgokes2f@nba.com,Female
vbagguley2g,https://robohash.org/blanditiisassumendaaut.png?size=50x50&set=set1,cchastand2g@amazon.com,Male
cbonnell2h,https://robohash.org/distinctioaddolor.png?size=50x50&set=set1,lmacintyre2h@ucsd.edu,Female
lpetrovic2i,https://robohash.org/estquiaipsam.png?size=50x50&set=set1,shuyche2i@ameblo.jp,Female
bmacmurray2j,https://robohash.org/abquaeratdolor.png?size=50x50&set=set1,csadd2j@hugedomains.com,Female
sblanche2k,https://robohash.org/doloremsequiqui.png?size=50x50&set=set1,jledwith2k@devhub.com,Female
dhassell2l,https://robohash.org/corruptitemporibusreprehenderit.png?size=50x50&set=set1,itreuge2l@wikispaces.com,Male
ukarpets2m,https://robohash.org/sapienteadipisciid.png?size=50x50&set=set1,eharper2m@kickstarter.com,Female
mcharlwood2n,https://robohash.org/estutincidunt.png?size=50x50&set=set1,dgouldthorp2n@shinystat.com,Male
akleinhaus2o,https://robohash.org/veritatiseaqueea.png?size=50x50&set=set1,cburkman2o@fotki.com,Male
bhellyer2p,https://robohash.org/estquibusdamvero.png?size=50x50&set=set1,bstacy2p@chronoengine.com,Female
kbuller2q,https://robohash.org/dignissimosaliquidnumquam.png?size=50x50&set=set1,ggrigorushkin2q@auda.org.au,Male
ascyner2r,https://robohash.org/quisiustoasperiores.png?size=50x50&set=set1,yholston2r@marriott.com,Female
